{"search":"","showTags":false,"showAttachments":false,"hideUnresolved":false,"showOrphans":true,"showArrow":false,"textFadeMultiplier":-2.9,"nodeSizeMultiplier":0.97948717948718,"lineSizeMultiplier":0.895726495726496,"centerStrength":0.0256410256410256,"repelStrength":7.69230769230769,"linkStrength":0.931623931623932,"linkDistance":331,"scale":0.16926361075903934}