{"search":"-daily","showTags":true,"showAttachments":false,"hideUnresolved":false,"showOrphans":true,"showArrow":false,"textFadeMultiplier":-2.8,"nodeSizeMultiplier":0.97948717948718,"lineSizeMultiplier":0.895726495726496,"centerStrength":0.184175383930559,"repelStrength":9.66614734030714,"linkStrength":0.583018028043624,"linkDistance":143,"scale":0.13634299586800364}