{"search":"","showTags":false,"showAttachments":false,"hideUnresolved":false,"showOrphans":true,"showArrow":false,"textFadeMultiplier":-2.8,"nodeSizeMultiplier":0.97948717948718,"lineSizeMultiplier":0.895726495726496,"centerStrength":0.105720008902738,"repelStrength":8.09703983975072,"linkStrength":0.390718896060539,"linkDistance":180,"scale":0.46643566317829416}