{"search":"","showTags":false,"showAttachments":true,"hideUnresolved":false,"showOrphans":true,"showArrow":false,"textFadeMultiplier":-1,"nodeSizeMultiplier":1.86179775280899,"lineSizeMultiplier":1.03595505617978,"centerStrength":0.0769230769230769,"repelStrength":10.0854700854701,"linkStrength":0.794871794871795,"linkDistance":247,"scale":0.16926361075903792}